<?xml version="1.0" encoding="UTF-8"?>
<!DOCTYPE suite SYSTEM "https://testng.org/testng-1.0.dtd">
<suite name="Failed suite [Default suite]" guice-stage="DEVELOPMENT">
  <test thread-count="5" name="Default test(failed)">
    <classes>
      <class name="project_sample_package.Second_sample_project_class">
        <methods>
          <include name="setUpClass"/>
          <include name="buttons"/>
          <include name="imagess"/>
        </methods>
      </class> <!-- project_sample_package.Second_sample_project_class -->
    </classes>
  </test> <!-- Default test(failed) -->
</suite> <!-- Failed suite [Default suite] -->
